,,clef,Nom,Finalité immédiate,Schème,détail,i1,i2,i3,i4,i5,i6,i7,i8,i9,i10,i11
Placement,1,op_pt_libre,placer point libre,Placer un point sur la page,"Avec point, placer un point à un endroit quelconque de la page","placement pointeur sur Point, clic pour selectionner Point, déplacement, clic pour poser le point",1,0,0,1,0,0,0,1,0,0,0
Point,2,op_pt_obj,placer un point sur objet,Placer un point sur un objet,"Avec point, placer un point à un endroit spécifique sur un object géométrique","placement pointeur sur Point, clic pour selectionner Point, déplacement, clic pour poser le point sur l'endroit donné",1,0,0,0,1,0,0,1,0,0,0
,3,op_pt_inter,placer un point sur une intersection (perception),Placer un point à l’intersection de deux objets géométriques,"Avec point, placer un point à l'intersection de deux objet géométrique","placement pointeur sur point, clic pour selectionner Point, déplacement, clic pour poser le point sur l'endroit donné",1,0,0,0,1,0,0,1,0,0,0
Intersection,4,op_pt_inter_out_inter,placer un point intersection avec outil intersection,Placer un point d'intersection entre deux droites ou deux segments,"Avec intersection,mettre une des droites en surbrillance, cliquer dessus, déplacer la souris vers l'autre droite, quand elle est en surbrillance, cliquer, le point d'intersection se place entre les deux droites","placement pointeur sur flèche pour ouvrir la pile, déplacement sur Intersection, clic pour sélectionner l'outil, viser le premier objet géométrique, se placer dessus, cliquer quand il est en surbrillance, déplacer la souris sur le deuxième objet, cliquer quand il est en surbrillance,",2,0,0,0,2,0,0,1,0,0,0
Milieu,5,op_pt_milieu_perc,placer un point au milieu d’un segment (perception),placer un point au milieu à la volée,"avec l'outil point, placer un point au milieu (contrôle visuel) d'un segment",I8 I5 I1,1,,,,1,,,1,,,
,6,op_pt_milieu_out_milieu,placer le point milieu du segment avec outil milieu,"avec outil milieu, placer le milieu","avec outil milieu, placer le point au milieu d'un segment",I8 I5 I1 I5 I1,2,,,,2,,,1,,,
,7,op_ajust_obj,Ajuster la position d'un objet,Ajuster la position d'un objet dans l'espace de travail,"Avec la souris sélectionner l'objet, maintenir le clic enfoncé et déplacer l'objet, relacher la souris",I5 I3 I7,,,1,,1,0,1,,1,1,1
Nombre,8,op_nbre,Nombre (par nombre),Ecrire un nombre,"Avec nombre, placer la case dans l'espace de travail et inscrire un nombre",I8 I1 (pour écrire le nombre assimilation à un clic) ,1,,,,,,,1,,,
Texte,9,op_nbre_txt,Nombre (par texte),Ecrire un nombre avec outil texte,"Avec texte, placer la case dans l'espace de travail et inscrire un nombre. Procédure qui ne fonctionne pas",I8 I1 (pour écrire lettre assimilation à un clic) ,1,,,,,,,1,,,
Curseur,10,op_curseur,Curseur,Placer un curseur,"Avec curseur, placer un curseur sur l'espace ensuite ajuster le curseur à l'aide de la souris",I8 I5 I3 I7,,,1,,1,,1,1,1,1,1
Déplacement,11,op_pointeur_depl_lib,Pointeur pour déplacer vers un point libre,Déplacer  librement un objet à l’aide du pointeur,"Avec le pointeur, selectionner l'objet et le déplacer librement",I5 I3 I6,,,1,,1,1,,,,,
,11bis,op_pointeur_depl_prec,Pointeur pour déplacer vers un point précis,Déplacer un objet  à un endroit précis à l’aide du pointeur,"Avec le pointeur, selectionner l'objet et le déplacer à un endroit précis",I5 I3 I7,,,1,,1,,1,,1,1,1
Pointeur,12,op_pointeur_agran,Pointeur pour agrandir la taille d’un objet,Agrandir la taille d’un objet géométrique,"Avec le pointeur, selectionner l'objet et lui donner une taille plus grande",I5 I3 I5,,,1,,1,,,,,,
,13,op_pointeur_reduire,Pointeur pour réduire la taille d’un objet,Réduire la taille d’un objet géométrique,"Avec le pointeur, selectionner l'objet et lui donner une taille plus petite",I5 I3 I5,,,,,,,,,,,
Planification,14,op_dlt_all,Efface tout,Effacer la page,"Avec le pointeur, cliquer sur tout effacer",I8 I1,1,,,,,,,1,,,
,15,op_dlt_one,Efface dernière opération,Effacer la dernière action réalisée,"Avec le pointeur, cliquer sur retour en arrière",Déplacement point précis I5 et clic I1,1,,,,1,,,,,,
,16,op_dlt_gom,Efface un élément avec la gomme,Place la gomme sur l’élément à effacer,"Avec gomme, se placer sur l'objet géométrique et le supprimer en cliquant dessus","Selection outil I8, déplacement précis I5 clic I1",1,,,,1,,,1,,,
Mesure,17,op_mes_dist,Mesure (par distance),Déterminer une longueur,"Avec distance, placer un point, déplacer la souris,la distance entre le point placé et à placer s'affiche, cliquer pour placer le second point à la distance souhaitée // Avec distance, placer un point sur l'extrémité du segment à mesurer, déplacer la souris, cliquer sur l'autre extrémité du segment, la distance entre les deux points s'affiche",I8 I7 I1 I5 I7 I1,2,,,,1,,2,1,2,2,2
,18,op_mes_long,Mesure (par longueur),Déterminer une longueur,"Avec longueur, s'approcher de l'objet à mesurer, l'obejt se met en surbrillance et la longueur s'affiche. Cliquer sur l'objet si on souhaite placer la mesure sur l'espace de travail",I8 I5 I1,1,,,,1,,,1,,,
,19,op_mes_dec,Mesure (par décimètre),Déterminer une longueur,"Avec décimètre, placer le décimètre sur un première repère, déplacer vers un deuxième repère , la mesure entre les deux repères s'affiche",I8 I5 I1 I5 I1,2,0,,,2,,,1,,,
,20,op_mes_ang_ang,Mesure angle (par angle),Mesure l’ouverture d’un angle,"Avec angle, mesures l’ouverture d’un angle",I8 I6 I1 I6 I1 I6 I1,3,,,,,3,,1,,,
,21,op_mes_ang_rap,Mesure angle (par rapporteur),Mesure de l’ouverture d’un angle,"Avec rapporteur, mesure l’ouverture d’un angle",I8 I6 I1 I6 I1 I6 I1,3,,,,,3,,1,,,
Opérateurs spécifiques,22,op_sgt-pt_const_pt_vol_out_seg,placer un segment sur un point construit et un point à la volée avec outil segment,Construire un segment qui passe par un point donné,"Avec segment, construire un segment quelconque, en cliquant sur un point construit et un point à la volée","Sélectionne outil (I8), déplacement point précis( I5) clic (I1) déplacement libre (I4) clic (I1)",2,,,1,1,,,1,,,
Segment,23,op_sgt-pts_const_out_seg,placer un segment sur deux points construits avec outil segment,Construire un segment qui passe par deux points donnés,"Avec segment, construire un segment quelconque, en cliquant sur deux points construits","Sélectionne outil (I8), déplacement point précis( I5) clic (I1) déplacement précis (I5) clic (I1)",2,,,,2,,,1,,,
,24,op_sgt-pts_vol_out_seg,placer un segment sur deux points à la volée avec outil segment,Construire un segment à la volée,"Avec segment, construire un segment quelconque en plaçant les deux points extrémités du segment à la volée",I8 I4 I1 I4 I1,2,,,2,,,,1,,,
Décimètre,25,op_seg_dec,Segment (par décimètre),Construire un segment d'une longueur donnée,"Avec décimètre, construire un segment définir sa longueur par ajustement visuel",I8 I4 I1 I5 I1,2,,,1,1,,,1,,,
,26,op_sgt-pt_const_pt_vol_out_dec,placer un segment sur un point construit et un point à la volée avec outil décimètre,Construire un segment qui passe par un point donné,"Avec décimètre, construire un segment quelconque, en cliquant sur un point construit et un point à la volée",I8 I5 I1 I4 I1,2,,,1,1,,,1,,,
,27,op_sgt-pts_const_out_dec,placer un segment sur deux points construits avec outil décimètre,Construire un segment qui passe par deux points donnés,"Avec décimètre, construire un segment quelconque, en cliquant sur deux points construits",I8 I5 I1 I5 I1,2,,,,2,,,1,,,
,28,op_sgt-pts_vol_out_dec,placer un segment sur deux points à la volée avec outil décimètre,Construire un segment à la volée,"Avec décimètre, construire un segment quelconque en plaçant les deux points extrémités du segment à la volée",I8 I4 I1 I4 I1 ,2,,,2,,,,1,,,
Demi-droite,29,op_seg_ demi_dte,Segment (par demi-droite),Construire un segment,"Avec demi-droite, placer un point, déplacer et cliquer. Visuellement ça ne donne pas un segment, schème d'usage peu probable chez les élèves,",I8 I4 I1 I4 I1,2,,,2,,,,1,,,
,30,op_dte_pt_const_pt_vol_out_demidte,placer une droite sur un point construit et un point à la volée avec outil demi droite,Construire un segment qui passe par un point donné,"Avec demi droite, construire un segment quelconque, en cliquant sur un point construit et un point à la volée",I8 I5 I1 I4 I1,2,,,1,1,,,1,,,
,31,op_dte_pts_const_out_demidte,placer une droite sur deux points construits avec outil demi droite,Construire un segment qui passe par deux points donnés,"Avec demi droite, construire un segment quelconque, en cliquant sur deux points construits",I8 I5 I1 I5 I1,2,,,,2,,,1,,,
,32,op_dte_pts_vol_out_demidte,placer une droite sur deux points à la volée avec outil demi droite,Construire un segment à la volée,"Avec demi droite, construire un segment quelconque en plaçant les deux points extrémités du segment à la volée",I8 I4 I1 I4 I1,2,,,2,,,,1,,,
Droite,,,,,,,,,,,,,,,,,
,34,op_dte_pt_const_pt_vol_out_dte,placer une droite sur un point construit et un point à la volée avec outil droite,Construire un segment qui passe par un point donné,"Avec droite, construire un segment quelconque, en cliquant sur un point construit et un point à la volée",I8 I5 I1 I4 I1,2,,,1,1,,,1,,,
,35,op_dte_pts_const_out_dte,placer une droite sur deux points construits avec outil droite,Construire un segment qui passe par deux points donnés,"Avec droite, construire un segment quelconque, en cliquant sur deux points construits",I8 I5 I1 I5 I1,2,,,,2,,,1,,,
,36,op_dte_pts_vol_out_dte,placer une droite sur deux points à la volée avec outil droite,Construire un segment à la volée,"Avec droite, construire un segment quelconque en plaçant les deux points extrémités du segment à la volée",I8 I4 I1 I4 I1,2,,,2,,,,1,,,
,37,op_perp,Perpendiculaire,Construire une droite perpendiculaire,"Avec perpendiculaire, sélectionner une droite et un point à la volée qui donne la bonne forme","placement pointeur sur flèche pour ouvrir la pile, déplacement sur Perpendiculaire, clic pour sélectionner l'outil I8, viser le segment ou la  droite, se placer dessus I5, cliquer quand il est en surbrillanceI1, déplacer la souris vers un point qui n’est pas A -aligné avec A- I5 I10, cliquer sur le point.I1",2,,,,2,,,1,,1,
,38,op_perp_pt,Perpendiculaire par un point donné,Construire une droite perpendiculaire par un point donné qui résiste au déplacement,Avec perpendiculaire sélectionner la droite et le point définissant cet angle,"placement pointeur sur flèche pour ouvrir la pile, déplacement sur Perpendiculaire, clic pour sélectionner l'outil I8, viser le segment ou la  droiteI5, se placer dessus, cliquer quand il est en surbrillanceI1, déplacer la souris vers le point A I5, cliquer sur le point I1.",2,,,,2,,,1,,,
,39,op_perp_dte,Perpendiculaire (par droite),Construire une perpendiculaire avec une droite,"Avec droite,  sélectionner une droite et un point à la volée qui donne la bonne forme","Selctionne outil droite I8 place la droite vers un endroit  quelconque dans l'espace pose la droite I4 par un clic I1 deplacement un clic I1, selectionne droite I8 clic sur la première droite pour placer un point I1, ajustement visuel I10 pour former l'angle droit, déplace le pointeur I5 clic I1",4,,,1,1,,,2,,1,
,40,op_perp_demi_dte,Perpendiculaire (par demi droite),Construire une perpendiculaire avec une demi droite,"Avec demi-droite,  sélectionner une droite et un point à la volée qui donne la bonne perpendiculaire","Selctionne outil demi-droite I8 place la droite vers un endroit  quelconque dans l'espace pose la droite I4 par un clic I1 deplacement un clic I1, selectionne droite I8 clic sur la première droite pour placer un point I1, ajustement visuel I10 pour former l'angle droit, déplace le pointeur I5 clic I1",4,,,1,1,,,2,,1,
,41,op_perp_sgt_pt_dte,Perpendiculaire  point droite (par segment),Construire une perpendiculaire avec un segment du point à la droite,"Avec segment,  sélectionner  un point précis puis une droite donnée pour former une perpendiculaire à la volée",?,,,,,,,,,,,
,42,op_perp_sgt_dte_pt,Perpendiculaire droite point (par segment),Construire une perpendiculaire avec un segment de la droite au point ,"Avec segment,  sélectionner  une droite donnée puis un point pour former une perpendiculaire à la volée",?,,,,,,,,,,,
,43,op_perp_sgt_pt_lib,Perpendiculaire points à la volée (par segment),Construire une perpendiculaire avec un segment entre 2 points placés à la volée,"Avec segment,  sélectionner  deux points à la volée une perpendiculaire à la volée",?,,,,,,,,,,,
,44,op_perp_equer_dte_pt_libre,Perpendiculaire (par équerre) droite vers point libre,Construire une perpendiculaire avec une équerre,"Avec équerre, s'approcher de la droite, cliquer quand la droite est en surbrillance, cliquer sur la droite, déplacer la souris sur le point, cliquer",I8 I5 I4 I1,1,,,1,1,,,1,,,
,44b,op_perp_equer_dte_pt_fixe,Perpendiculaire (par équerre) droite vers point fixe,Construire une perpendiculaire avec une équerre,"Avec équerre, s'approcher de la droite, cliquer quand la droite est en surbrillance, cliquer sur la droite, déplacer la souris sur le point, cliquer",Selectionne outil I8 déplace vers la droite I5 clique sur la droite I1 déplace sur point précis I5 clic I1,2,,,,2,,,1,,,
,45,op_angle,Angle (par angle),Construire un angle,placer trois points librement espacés,I8 I1 I4 I1 I4  I1 ,3,,,2,,,,1,,,
,46,op_angle_rapporteur,Angle par rapporteur,Construire un angle d’une mesure donnée,"avec rapporteur, placer trois points d’une ouverture donnée",I8 I1 I5 I9 I1 I5 I9 I1 ,3,,,,2,,,,2,,
,47,op_angle_equerre,Angle par équerre vérification,Vérifie angle droit avec équerre comme un gabarit,"Avec équerre, vérifier l'angle droit par superposition",Outil (I8) déplacement précis I5,,,,,1,,,1,,,
Cercle,,,,,,,,,,,,,,,,,
,49,op_cercle_pt_const_pt_vol_out_cercle,Construire un cercle (cercle),Construire cercle passant par un point donné et un point libre avec outil cercle,"Avec cercle, placer le centre sur un point donné et déplacer librement le pointeur pour tracer le cercle",I8 I5 I1 I4 I1,2,,,1,1,,,1,,,
,50,op_cercle_pts_const_out_cercle,Construire un cercle (cercle),Construire cercle passant par deux points donnés avec outil cercle,"Avec cercle, placer le centre sur un point donné et déplacer vers un point fixe pour placer le point sur la circonférence librement",I8 I5 I1 I5 I1,2,,,,2,,,1,,,
,51,op_cercle_pts_vol_out_cercle,Construire un cercle (cercle),Construire cercle passant deux points placés à la volée avec outil cercle,"Avec cercle, placer le point du centre librement et déplacer pour placer la circonférence librement",I8 I4 I1 I4 I1,2,,,2,,,,1,,,
Compas,,,,,,,,,,,,,,,,,
,52,op_cercle_pt_const_pt_vol_out_compas,Construire cercle passant par un point donné et un point libre avec outil compas,Construire un cercle (compas),"Avec compas, placer le centre sur un point donné et déplacer vers un point fixe pour placer le point sur la circonférence librement",I8 I5 I1 I4 I1,2,,,1,1,,,1,,,
,53,op_cercle_pts_const_out_compas,Construire cercle passant par deux points donnés avec outil compas,Construire un cercle (compas),"Avec compas, placer le point du centre librement et déplacer pour placer la circonférence librement",I8 I5 I1 I5 I1,2,,,,2,,,1,,,
,54,op_cercle_pts_vol_out_compas,Construire cercle passant deux points placés à la volée avec outil compas,Construire un cercle (compas),"Avec compas, placer le centre du cercle, déplacer la souris pour placer un point de la circonférence, tourner le compas, cliquer",I8 I4 I1 I4 I1,2,,,2,,,,1,,,
Symétrie,55,op_sym_axe,Symétrie (par axe),Placer un point ou un objet par symétrie axiale,"Avec symétrie, cliquer sur un point, cliquer sur l'axe de symétrie. Le symétrique à l'axe donné apparaît",I8 I4 I1 I5 I1,2,,,1,1,,,1,,0,
Parallèle,56,op_paral_lib,Parallèle,tracer librement une parallèle à une droite ou à un segment,,I8 I5 I1 I4 I1,2,,,1,,,,,,,
,57,op_para_préc,Parallèle,tracer une parallèle à une droite ou à un segment qui passe par un point précis,,I8 I5 I1 I5 I1,2,,,,2,,,,,,
