;;Clef;Nom;Finalité immédiate;Schème;Détail des actions réalisées -sert à définir les DEME qui interviennent;deme_clic_simple;deme_clic_objet;deme_double_clic;deme_clic_maintenu;deme_depl_libre;deme_depl_pointeur_point;deme_perc_metrique;deme_perc_euclidienne;deme_perc_forme;;
Opérateurs  transversaux;;;;;;;;;;;;;;;;;
Point;1;op_pt_libre;placer point libre;Placer un point sur la page;Avec point, placer un point à un endroit quelconque de la page;placement pointeur sur Point I6, clic I2  pour selectionner Point, déplacement I5, clic I1 pour poser le point;1;1;0;0;1;1;0;0;0;;
Point;2;op_pt_obj;placer un point sur objet;Placer un point sur un objet;Avec point, placer un point à un endroit spécifique sur un object géométrique;placement pointeur sur Point I6, clic I2 pour selectionner Point, déplacement vers un point précis I6, clic I2 pour poser le point sur l'endroit donné;0;2;0;0;0;2;0;0;0;;
Point;3;op_pt_inter;placer un point sur une intersection (perception);Placer un point à l’intersection de deux objets géométriques;Avec point, placer un point à l'intersection de deux objet géométrique;placement pointeur sur point I6, clic I2 pour selectionner Point, perception intersection I10, déplacement sur un point précis I6, clic I2 pour poser le point sur l'endroit donné;;2;0;0;0;2;0;1;0;;
Intersection;4;op_pt_inter_out_inter;placer un point intersection avec outil intersection;Placer un point d'intersection entre deux droites ou deux segments;Avec intersection,mettre une des droites en surbrillance, cliquer dessus, déplacer la souris vers l'autre droite, quand elle est en surbrillance, cliquer, le point d'intersection se place entre les deux droites;placement pointeur sur flèche I6, clic pour ouvrir la pile I2, déplacement sur Intersection I6, clic I2 pour sélectionner l'outil, viser le premier objet géométrique et se placer dessus I6, cliquer quand il est en surbrillance I2, déplacer la souris sur le deuxième objet I6, cliquer quand il est en surbrillance I2,;0;4;0;0;0;4;0;0;0;;
Milieu;5;op_pt_milieu_perc;placer un point au milieu d’un segment (perception);placer un point au milieu à la volée;avec l'outil point, placer un point au milieu (contrôle visuel) d'un segment;placement pointeur sur Point I6, clic I2  pour selectionner Point, déplacement sur le milieu du segment I6, contrôle perceptif du milieu, I9, clic I2 pour poser le point;0;2;;;0;2;1;;;;
Milieu;6;op_pt_milieu_out_milieu;placer le point milieu du segment avec outil milieu;avec outil milieu, placer le milieu;avec outil milieu, placer le point au milieu d'un segment;placement pointeur sur flèche I6, clic pour ouvrir I2 déplacement sur milieu I6 clic pour sélectionner I2  déplacement sur le segment I6 , clic I2 pour poser milieu;0;3;;;0;3;;;;;
Nombre;7;op_nbre;Nombre (par nombre);Ecrire un nombre;Avec nombre, placer la case dans l'espace de travail et inscrire un nombre;Aller sur la pile I6 clic sur la flèche I2 déplacement sur nombre I6 clic I2 sur nombre pour l'activer, déplacement dans l'espace de travail I5  écrire le nombre (I1?) valider (I1?) avec entrée;2;2;;;1;2;;;;;
Texte;8;op_nbre_txt;Nombre (par texte);Ecrire un nombre avec outil texte;Avec texte, placer la case dans l'espace de travail et inscrire un nombre. Procédure qui ne fonctionne pas;Aller sur la pile I6 clic sur la flèche I2 déplacement sur texte I6 clic I2  pour l'activer, déplacement dans l'espace de travail I5  écrire le nombre (I1?) valider (I1?) avec entrée;2;2;;;1;2;;;;;
Curseur;9;op_curseur;Curseur;Placer un curseur;Avec curseur, placer un curseur sur l'espace ensuite ajuster le curseur à l'aide de la souris;Aller sur la pile I6 clic sur la flèche I2 déplacement sur curseur I6 clic I2 sur pour l'activer, déplacement dans l'espace de travail I5  clic pour poser le curseur i1;1;2;0;;1;2;0;0;0;;
Pointeur;10;op_pointeur_depl_lib;Pointeur pour déplacer vers un point libre;Déplacer  librement un objet à l’aide du pointeur;Avec le pointeur, selectionner l'objet et le déplacer librement;Avec pointeur se déplacer sur l'objet I6, clic maintenu sur objet I4, déplacement libre I5 ;;;0;1;1;1;;;;;
Pointeur;11;op_pointeur_depl_prec;Pointeur pour déplacer vers un point précis;Déplacer un objet  à un endroit précis à l’aide du pointeur;Avec le pointeur, selectionner l'objet et le déplacer à un endroit précis;Avec pointeur se déplacer sur l'objet I6, clic maintenu sur objet I4, déplacement à un endroit précis I6;;;0;1;0;2;0;0;0;;
Pointeur;12;op_pointeur_agran;Pointeur pour agrandir la taille d’un objet;Agrandir la taille d’un objet géométrique;Avec le pointeur, selectionner l'objet et lui donner une taille plus grande;Avec pointeur se déplacer sur l'objet I6, clic maintenu sur objet I4, déplacement point précis I6 et ajustement visuel mesure I9;;;0;1;0;2;1;;;;
Pointeur;13;op_pointeur_reduire;Pointeur pour réduire la taille d’un objet;Réduire la taille d’un objet géométrique;Avec le pointeur, selectionner l'objet et lui donner une taille plus petite;Avec pointeur se déplacer sur l'objet I6, clic maintenu sur objet I4, déplacement vers un point précis I6 ajustement perceptif visuel I9;;;;1;;2;1;;;;
Pointeur;14;op_dlt_all;Efface tout-nouvelle page;Prendre un nouvelle page (ce qui effeace tout);Avec le pointeur, cliquer sur tout effacer;Avec pointeur se déplacer sur effacer tout I6, clic I2 répondre à la question I6 I1 ;1;1;;;;2;;;;;
Pointeur;15;op_dlt_one;Efface dernière opération;Effacer la dernière action réalisée;Avec le pointeur, cliquer sur retour en arrière;Déplacement point précis I6 et clic I2;;1;;;0;1;;;;;
Gomme;16;op_dlt_gom;Efface un élément avec la gomme;Place la gomme sur l’élément à effacer;Avec gomme, se placer sur l'objet géométrique et le supprimer en cliquant dessus;Déplacement sur la flèche de la pile I6, clic pour ouvrir I2, déplacement sur gomme I6 , clic pour la selectionner I 2, déplacement sur l'objet à effacer I6 clic sur l'objet  I2 ;;3;;;;3;;;;;
Mesure (par distance);17;op_mes_dist;Mesure (par distance);Déterminer une longueur;Avec distance, placer un point, déplacer la souris,la distance entre le point placé et à placer s'affiche, cliquer pour placer le second point à la distance souhaitée // Avec distance, placer un point sur l'extrémité du segment à mesurer, déplacer la souris, cliquer sur l'autre extrémité du segment, la distance entre les deux points s'affiche;Déplacement sur la flèche de la pile I6, clic pour ouvrir I2, déplacement sur ditance I6 , clic pour la selectionner I 2, déplacement sur un point précis I6 (début de la prise de mesure) I6, Clic I2, déplacement sur l'autre point I6, clic I2 ;;4;;;;4;;;;;
Mesure (par longueur);18;op_mes_long;Mesure (par longueur);Déterminer une longueur;Avec longueur, s'approcher de l'objet à mesurer, l'obejt se met en surbrillance et la longueur s'affiche. Cliquer sur l'objet si on souhaite placer la mesure sur l'espace de travail;Déplacement sur longueur I6 , clic pour le selectionner I 2, déplacement sur l'objet à mesure I6, clic sur objet pour afficher la mesure I2;;2;;;0;2;;;;;
Mesure (par décimètre);19;op_mes_dec;Mesure (par décimètre);Déterminer une longueur;Avec décimètre, placer le décimètre sur un première repère, déplacer vers un deuxième repère , la mesure entre les deux repères s'affiche;Déplacement sur la flèche de la pile I6, clic pour ouvrir I2, déplacement sur décimètre I6 , clic pour le selectionner I 2, déplacement sur un point précis I6 (début de la prise de mesure) I6, Clic I2, déplacement sur l'autre point I6, clic I2 ;0;4;;;0;4;;;;;
Mesure angle (par angle);20;op_mes_ang_ang;Mesure angle (par angle);Mesure l’ouverture d’un angle;Avec angle, mesures l’ouverture d’un angle;Déplacement sur la flèche de la pile I6, clic pour ouvrir I2, déplacement sur angle I6 , clic pour le selectionner I 2, 3 répetitions de déplacement I6 sur un point précis de l'angle et Clic I2, ;0;5;;;;5;;;;;
Mesure angle (par rapporteur);21;op_mes_ang_rap;Mesure angle (par rapporteur);Mesure de l’ouverture d’un angle;Avec rapporteur, mesure l’ouverture d’un angle;Déplacement sur la flèche de la pile I6, clic pour ouvrir I2, déplacement sur rapporteur I6 , clic pour le selectionner I 2, 3 répetitions de déplacement I6 sur un point précis de l'angle et Clic I2, ;;5;;;;5;;;;;
Mesure angle (par équerre);22;op_mes_ang_equ;Mesure angle (par équerre);Mesure de l'angle droit par utilisation de l'équerre, mesure impossible au mieux l'équerre peut servir de gabarit d'angle droit pour une vérification par superposition,;Avec l'équerre, contrôler l'angle droit ;placement pointeur sur flèche I6, clic pour ouvrir I2 déplacement sur équerre I6 clic pour sélectionner I2  déplacement sur l'angle I6 : échec;;2;;;;3;;;;;
Segment;23;op_sgt-pt_const_pt_vol_out_seg;placer un segment sur un point construit et un point à la volée avec outil segment;Construire un segment qui passe par un point donné;Avec segment, construire un segment quelconque, en cliquant sur un point construit et un point à la volée;Déplacement sur pile I6 ouverture de la fèche I2 déplacement sur segment I6 clic sur segment I2 Déplacement sur point précis I6 clic I2 déplacement libre I5 clic I2 ;;4;;0;1;3;;;;;
Segment;24;op_sgt-pts_const_out_seg;placer un segment sur deux points construits avec outil segment;Construire un segment qui passe par deux points donnés;Avec segment, construire un segment quelconque, en cliquant sur deux points construits;Déplacement sur pile I6 ouverture de la fèche I2 déplacement sur segment I6 clic sur segment I2 Déplacement sur point précis I6 clic I2 déplacement sur point précis I6 clic I2 ;;4;;;;4;;;;;
Segment;25;op_sgt-pts_alig_out_seg;placer un segment sur deux points construits avec outil segment;Contrôler l'alignement d'un segment passant par deux points;Avec segment, contrôler l'alignement entre deux points du segment, les deux segments se superposent;Déplacement sur pile I6 ouverture de la fèche I2 déplacement sur segment I6 clic sur segment I2 Déplacement sur point précis I6 clic I2 déplacement sur point précis I6 clic I2 ;0;4;;;0;4;;;;;
Segment;26;op_sgt-pts_vol_out_seg;placer un segment sur deux points à la volée avec outil segment;Construire un segment à la volée;Avec segment, construire un segment quelconque en plaçant les deux points extrémités du segment à la volée;Déplacement sur pile I6 ouverture de la fèche I2 déplacement sur segment I6 clic sur segment I2 Déplacement libre I5 clic I2 déplacement libre I5 clic I2 ;0;4;;;2;2;;;;;
Décimètre;27;op_seg_dec;Segment (par décimètre);Construire un segment d'une longueur donnée;Avec décimètre, construire un segment définir sa longueur par ajustement instrumental (cliquer quand la mesure voulue est affichée);Déplacement sur la flèche de la pile I6, clic pour ouvrir I2, déplacement sur décimètre I6 , clic pour le selectionner I 2, déplacement sur un point libre I5 (début du segment), Clic I2, déplacement sur l'autre point I6, -besoin de contrôler la mesure affichée par l'outil- clic I2 ;;4;;0;1;3;;;;;
Décimètre;28;op_sgt-pt_const_pt_vol_out_dec;placer un segment sur un point construit et un point à la volée avec outil décimètre;Construire un segment qui passe par un point donné;Avec décimètre, construire un segment quelconque, en cliquant sur un point construit et un point à la volée;Déplacement sur pile I6 ouverture de la fèche I2 déplacement sur décimètre I6 clic sur décimètre I2 Déplacement sur point précis I6 clic I2 déplacement libre I5 clic I2 ;;4;;0;1;3;;;;;
Décimètre;29;op_sgt-pts_const_out_dec;placer un segment sur deux points construits avec outil décimètre;Construire un segment qui passe par deux points donnés;Avec décimètre, construire un segment quelconque, en cliquant sur deux points construits;Déplacement sur pile I6 ouverture de la fèche I2 déplacement sur décimètre I6 clic sur décimètre I2 Déplacement sur point précis I6 clic I2 déplacement sur un point précis I6 clic I2 ;;4;;;0;4;;;;;
Décimètre;30;op_sgt-pts_vol_out_dec;placer un segment sur deux points à la volée avec outil décimètre;Construire un segment à la volée;Avec décimètre, construire un segment quelconque en plaçant les deux points extrémités du segment à la volée;Déplacement sur pile I6 ouverture de la fèche I2 déplacement sur décimètre I6 clic sur décimètre I2 Déplacement sur point libre I5 clic I2 déplacement libre I5 clic I2 ;;4;;;2;2;;;;;
Demi-droite;31;op_dte_pt_const_pt_vol_out_demidte;placer une droite sur un point construit et un point à la volée avec outil demi droite;Construire un segment qui passe par un point donné;Avec demi droite, construire un segment quelconque, en cliquant sur un point construit et un point à la volée, Visuellement ça ne donne pas un segment, schème d'usage peu probable chez les élèves,;Déplacement sur pile I6 ouverture de la flèche I2 déplacement sur demi-droite I6 clic  pour selectionner I2 Déplacement sur point précis I6 clic I2 déplacement libre I5 clic I2 ;0;4;;0;1;3;;;;;
Demi-droite;32;op_dte_pts_const_out_demidte;placer une droite sur deux points construits avec outil demi droite;Construire un segment qui passe par deux points donnés;Avec demi droite, construire un segment quelconque, en cliquant sur deux points construits;Déplacement sur pile I6 ouverture de la flèche I2 déplacement sur demi droite I6 clic  pour selectionner I2 Déplacement sur point précis I6 clic I2 déplacement sur un point précis I6 clic I2 ;;4;;;;4;;;;;
Demi-droite;33;op_dte_pts_vol_out_demidte;placer une droite sur deux points à la volée avec outil demi droite;Construire un segment à la volée;Avec demi droite, construire un segment quelconque en plaçant les deux points extrémités du segment à la volée;Déplacement sur pile I6 ouverture de la flèche I2 déplacement sur demi droite I6 clic  pour selectionner I2 Déplacement sur point libre I5 clic I2 déplacement sur un point libre I5 clic I2 ;;4;;;2;2;;;;;
Droite;34;op_dte_pt_const_pt_vol_out_dte;placer une droite sur un point construit et un point à la volée avec outil droite;Construire un segment qui passe par un point donné;Avec droite, construire un segment quelconque, en cliquant sur un point construit et un point à la volée;Déplacement sur pile I6 ouverture de la fèche I2 déplacement sur droite I6 clic sur droiteI2 Déplacement sur point précis I6 clic I2 déplacement libre I5 clic I2 ;;4;;0;1;3;;;;;
Droite;35;op_dte_pts_const_out_dte;placer une droite sur deux points construits avec outil droite;Construire un segment qui passe par deux points donnés;Avec droite, construire un segment quelconque, en cliquant sur deux points construits;Déplacement sur pile I6 ouverture de la fèche I2 déplacement sur droite I6 clic sur droiteI2 Déplacement sur point précis I6 clic I2 déplacement précis I6  clic I2 ;0;4;;;0;4;;;;;
Droite;36;op_dte_pts_vol_out_dte;placer une droite sur deux points à la volée avec outil droite;Construire un segment à la volée;Avec droite, construire un segment quelconque en plaçant les deux points extrémités du segment à la volée;Déplacement sur pile I6 ouverture de la fèche I2 déplacement sur droite I6 clic sur droiteI2 Déplacement sur point libre I5 clic I2 déplacement libre I5 clic I2 ;0;4;;0;2;2;;;;;
Perpendiculaire;37;op_perp;Perpendiculaire;Construire une droite perpendiculaire;Avec perpendiculaire, sélectionner une droite et un point à la volée qui donne la bonne forme;placement pointeur sur flèche pour ouvrir la pile I6, clic pour ouvrir I2, déplacement sur Perpendiculaire I6, clic pour sélectionner l'outil I2, viser le segment ou la  droite, se placer dessus I6, cliquer quand il est en surbrillance I2, déplacer la souris vers un point qui n’est pas A I6 -aligné avec A- I10, cliquer sur le point I2;;4;;;;4;;1;;;
Perpendiculaire;38;op_perp_pt;Perpendiculaire par un point donné;Construire une droite perpendiculaire par un point donné qui résiste au déplacement;Avec perpendiculaire sélectionner la droite et le point définissant cet angle;placement pointeur sur flèche pour ouvrir la pile I6, clic pour ouvrir I2, déplacement sur Perpendiculaire I6, clic pour sélectionner l'outil I2, viser le segment ou la  droite I6, se placer dessus , cliquer quand il est en surbrillance I2, déplacer la souris vers le point A I6, cliquer sur le point I2.;;4;;;;4;;;;;
Droite;39;op_perp_dte;Perpendiculaire (par droite);Construire une perpendiculaire avec une droite;Avec droite,  sélectionner une droite et un point à la volée qui donne la bonne forme;placement pointeur sur flèche pour ouvrir la pile I6, clic pour ouvrir I2, déplacement sur droite I6, clic pour sélectionner l'outil droite I2, place la droite vers un endroit  quelconque dans l'espace I5 pose la droite par un clic pour placer un point I1, ajustement visuel I10 pour former l'angle droit, déplace le pointeur I5 clic I1;2;2;;;2;2;;1;;;
Segment;40;op_perp_demi_dte;Perpendiculaire (par demi droite);Construire une perpendiculaire avec une demi droite;Avec demi-droite,  sélectionner une droite et un point à la volée qui donne la bonne perpendiculaire;placement pointeur sur flèche pour ouvrir la pile I6, clic pour ouvrir I2, déplacement sur demi-droite I6, clic pour sélectionner l'outil droite I2, place la droite vers un endroit  quelconque dans l'espace I5 pose la droite par un clic pour placer un point I1, ajustement visuel I10 pour former l'angle droit, déplace le pointeur I5 clic I1;2;2;;;2;2;;1;;;
Segment;41;op_perp_sgt_pt_dte;Perpendiculaire  point droite (par segment);Construire une perpendiculaire avec un segment du point à la droite;Avec segment,  sélectionner  un point précis puis une droite donnée pour former une perpendiculaire à la volée;Déplacement sur pile I6 ouverture de la fèche I2 déplacement sur segment I6 clic sur segment I2 Déplacement sur le point I6, clic sur point I2, dépacement vers la droite I6 ajustement visuel I10 clic I2;;4;;;;4;;1;;;
Segment;42;op_perp_sgt_dte_pt;Perpendiculaire droite point (par segment);Construire une perpendiculaire avec un segment de la droite au point donné;Avec segment,  sélectionner  une droite donnée puis un point pour former une perpendiculaire à la volée;Déplacement sur pile I6 ouverture de la fèche I2 déplacement sur segment I6 clic sur segment I2 Déplacement sur la droite I6, clic sur la droite I2, dépacement vers un point I6 ajustement visuel I10 clic I2;;4;;;;4;;1;;;
Segment;43;op_perp_sgt_pt_lib;Perpendiculaire points à la volée (par segment);Construire une perpendiculaire avec un segment entre 2 points placés à la volée, un sur la droit et un en dehors;Avec segment,  sélectionner  deux points à la volée une perpendiculaire à la volée;Déplacement sur pile I6 ouverture de la fèche I2 déplacement sur segment I6 clic sur segment I2 Déplacement sur un point quelconque de la droite I6, clic I2, dépacement vers un point placé au jugé  I5 par ajustement visuel I10 clic I1;;4;;;1;3;;1;;;
Equerre;44;op_perp_equer_dte_pt_libre;Perpendiculaire (par équerre) droite vers point libre;Construire une perpendiculaire avec une équerre;Avec équerre, s'approcher de la droite, cliquer quand la droite est en surbrillance, cliquer sur la droite, déplacer la souris sur le point, cliquer;placement pointeur sur flèche pour ouvrir la pile I6, clic pour ouvrir I2, déplacement sur équerre I6, clic pour sélectionner l'outil équerre I2, place l'équerre le long de la droite I6 clic quand en surbrillance I2 déplaceer équerre vers le point I6 clic quand la perpendicaulaire qui s'affiche est alignée I10 avec le point I1;1;3;;;;4;;1;;;
Equerre;45;op_perp_equer_dte_pt_fixe;Perpendiculaire (par équerre) droite vers point fixe;Construire une perpendiculaire avec une équerre;Avec équerre, s'approcher de la droite, cliquer quand la droite est en surbrillance, cliquer sur la droite, déplacer la souris sur le point, cliquer;placement pointeur sur flèche pour ouvrir la pile I6, clic pour ouvrir I2, déplacement sur équerre I6, clic pour sélectionner l'outil équerre I2, place l'équerre, déplace vers la droite I6 clique sur la droite I2 déplace sur point précis I6 clic I2;;4;;;0;4;;;;;
Angle;46;op_angle;Angle (par angle);Construire un angle;placer trois points librement espacés;Placement pointeur sur flèche pour ouvrir la pile I6, clic pour ouvrir I2, déplacement sur angle I6, sélection angle I2, déplacement sur feuille de travail pour placer un point libre I5, le placer I1, déplacement n°2 I5 et placement I1, déplacement I5 n° 3 et clic I1;3;2;;;3;2;;;;;
Rapporteur;47;op_angle_rapporteur;Angle par rapporteur;Construire un angle d’une mesure donnée;avec rapporteur, placer trois points d’une ouverture donnée;Placement pointeur sur flèche pour ouvrir la pile I6, clic pour ouvrir I2, déplacement sur rapporteur I6, sélection angle I2, déplacement sur feuille de travail pour placer un point libre I5, le placer I1, déplacement n°2 I5 et placement I1, déplacement I5 n° 3 et clic I1;3;2;;;3;2;;;;;
Equerre;48;op_angle_equerre;Angle par équerre vérification;Vérifie angle droit avec équerre comme un gabarit;Avec équerre, vérifier l'angle droit par superposition;placement pointeur sur flèche pour ouvrir la pile I6, clic pour ouvrir I2, déplacement sur équerre I6, clic pour sélectionner l'outil équerre I2, place l'équerre sur angle à vérifier I6;;2;;;;3;;;;;
;;;;;;;;;;;;;;;;;
;;;;;;;;;;;;;;;;;
;;;;;;;;;;;;;;;;;
;;;;;;;;;;;;;;;;;
;;;;;;;;;;;;;;;;;
;;;;;;;;;;;;;;;;;
;;;;;;;;;;;;;;;;;
;;;;;;;;;;;;;;;;;
;;;;;;;;;;;;;;;;;
;;;;;;;;;;;;;;;;;
;;;;;;;;;;;;;;;;;
;;;;;;;;;;;;;;;;;
;;;;;;;;;;;;;;;;;
;;;;;;;;;;;;;;;;;
;;;;;;;;;;;;;;;;;
;;;;;;;;;;;;;;;;;
;;;;;;;;;;;;;;;;;
;;;;;;;;;;;;;;;;;
;;;;;;;;;;;;;;;;;
;;;;;;;;;;;;;;;;;
;;;;;;;;;;;;;;;;;
;;;;;;;;;;;;;;;;;
;;;;;;;;;;;;;;;;;
;;;;;;;;;;;;;;;;;
;;;;;;;;;;;;;;;;;
;;;;;;;;;;;;;;;;;
;;;;;;;;;;;;;;;;;
;;;;;;;;;;;;;;;;;
;;;;;;;;;;;;;;;;;
;;;;;;;;;;;;;;;;;
;;;;;;;;;;;;;;;;;
;;;;;;;;;;;;;;;;;
;;;;;;;;;;;;;;;;;
;;;;;;;;;;;;;;;;;
;;;;;;;;;;;;;;;;;
;;;;;;;;;;;;;;;;;
;;;;;;;;;;;;;;;;;
;;;;;;;;;;;;;;;;;
;;;;;;;;;;;;;;;;;
;;;;;;;;;;;;;;;;;
;;;;;;;;;;;;;;;;;
;;;;;;;;;;;;;;;;;
;;;;;;;;;;;;;;;;;
;;;;;;;;;;;;;;;;;
;;;;;;;;;;;;;;;;;
;;;;;;;;;;;;;;;;;
;;;;;;;;;;;;;;;;;
;;;;;;;;;;;;;;;;;
;;;;;;;;;;;;;;;;;
;;;;;;;;;;;;;;;;;
;;;;;;;;;;;;;;;;;
;;;;;;;;;;;;;;;;;
;;;;;;;;;;;;;;;;;
;;;;;;;;;;;;;;;;;
;;;;;;;;;;;;;;;;;
;;;;;;;;;;;;;;;;;
;;;;;;;;;;;;;;;;;
;;;;;;;;;;;;;;;;;
;;;;;;;;;;;;;;;;;
;;;;;;;;;;;;;;;;;
;;;;;;;;;;;;;;;;;
;;;;;;;;;;;;;;;;;
;;;;;;;;;;;;;;;;;
;;;;;;;;;;;;;;;;;
;;;;;;;;;;;;;;;;;
;;;;;;;;;;;;;;;;;
;;;;;;;;;;;;;;;;;
;;;;;;;;;;;;;;;;;
;;;;;;;;;;;;;;;;;
;;;;;;;;;;;;;;;;;
;;;;;;;;;;;;;;;;;
;;;;;;;;;;;;;;;;;
;;;;;;;;;;;;;;;;;
;;;;;;;;;;;;;;;;;
;;;;;;;;;;;;;;;;;
;;;;;;;;;;;;;;;;;
;;;;;;;;;;;;;;;;;
;;;;;;;;;;;;;;;;;
;;;;;;;;;;;;;;;;;
;;;;;;;;;;;;;;;;;
;;;;;;;;;;;;;;;;;
;;;;;;;;;;;;;;;;;
;;;;;;;;;;;;;;;;;
;;;;;;;;;;;;;;;;;
;;;;;;;;;;;;;;;;;
;;;;;;;;;;;;;;;;;
;;;;;;;;;;;;;;;;;
;;;;;;;;;;;;;;;;;
;;;;;;;;;;;;;;;;;
;;;;;;;;;;;;;;;;;
;;;;;;;;;;;;;;;;;
;;;;;;;;;;;;;;;;;
;;;;;;;;;;;;;;;;;
;;;;;;;;;;;;;;;;;
;;;;;;;;;;;;;;;;;
;;;;;;;;;;;;;;;;;
;;;;;;;;;;;;;;;;;
;;;;;;;;;;;;;;;;;
;;;;;;;;;;;;;;;;;
;;;;;;;;;;;;;;;;;
;;;;;;;;;;;;;;;;;
;;;;;;;;;;;;;;;;;
;;;;;;;;;;;;;;;;;
;;;;;;;;;;;;;;;;;
;;;;;;;;;;;;;;;;;
;;;;;;;;;;;;;;;;;
;;;;;;;;;;;;;;;;;
;;;;;;;;;;;;;;;;;
;;;;;;;;;;;;;;;;;
;;;;;;;;;;;;;;;;;
;;;;;;;;;;;;;;;;;
;;;;;;;;;;;;;;;;;
;;;;;;;;;;;;;;;;;
;;;;;;;;;;;;;;;;;
;;;;;;;;;;;;;;;;;
;;;;;;;;;;;;;;;;;
;;;;;;;;;;;;;;;;;
;;;;;;;;;;;;;;;;;
;;;;;;;;;;;;;;;;;
;;;;;;;;;;;;;;;;;
;;;;;;;;;;;;;;;;;
;;;;;;;;;;;;;;;;;
;;;;;;;;;;;;;;;;;
;;;;;;;;;;;;;;;;;
;;;;;;;;;;;;;;;;;
;;;;;;;;;;;;;;;;;
;;;;;;;;;;;;;;;;;
;;;;;;;;;;;;;;;;;
;;;;;;;;;;;;;;;;;
;;;;;;;;;;;;;;;;;
;;;;;;;;;;;;;;;;;
;;;;;;;;;;;;;;;;;
;;;;;;;;;;;;;;;;;
;;;;;;;;;;;;;;;;;
;;;;;;;;;;;;;;;;;
;;;;;;;;;;;;;;;;;
;;;;;;;;;;;;;;;;;
;;;;;;;;;;;;;;;;;
;;;;;;;;;;;;;;;;;
;;;;;;;;;;;;;;;;;
;;;;;;;;;;;;;;;;;
;;;;;;;;;;;;;;;;;
;;;;;;;;;;;;;;;;;
;;;;;;;;;;;;;;;;;
;;;;;;;;;;;;;;;;;
;;;;;;;;;;;;;;;;;
;;;;;;;;;;;;;;;;;
;;;;;;;;;;;;;;;;;
;;;;;;;;;;;;;;;;;
;;;;;;;;;;;;;;;;;
;;;;;;;;;;;;;;;;;
;;;;;;;;;;;;;;;;;
;;;;;;;;;;;;;;;;;
;;;;;;;;;;;;;;;;;
;;;;;;;;;;;;;;;;;
;;;;;;;;;;;;;;;;;
;;;;;;;;;;;;;;;;;
;;;;;;;;;;;;;;;;;
;;;;;;;;;;;;;;;;;
;;;;;;;;;;;;;;;;;
;;;;;;;;;;;;;;;;;
;;;;;;;;;;;;;;;;;
;;;;;;;;;;;;;;;;;
;;;;;;;;;;;;;;;;;
;;;;;;;;;;;;;;;;;
;;;;;;;;;;;;;;;;;
;;;;;;;;;;;;;;;;;
;;;;;;;;;;;;;;;;;
;;;;;;;;;;;;;;;;;
;;;;;;;;;;;;;;;;;
;;;;;;;;;;;;;;;;;
;;;;;;;;;;;;;;;;;
;;;;;;;;;;;;;;;;;
;;;;;;;;;;;;;;;;;
;;;;;;;;;;;;;;;;;
;;;;;;;;;;;;;;;;;
;;;;;;;;;;;;;;;;;
;;;;;;;;;;;;;;;;;
;;;;;;;;;;;;;;;;;
;;;;;;;;;;;;;;;;;
;;;;;;;;;;;;;;;;;
;;;;;;;;;;;;;;;;;
;;;;;;;;;;;;;;;;;
;;;;;;;;;;;;;;;;;
;;;;;;;;;;;;;;;;;
;;;;;;;;;;;;;;;;;
;;;;;;;;;;;;;;;;;
;;;;;;;;;;;;;;;;;
;;;;;;;;;;;;;;;;;
;;;;;;;;;;;;;;;;;
;;;;;;;;;;;;;;;;;
;;;;;;;;;;;;;;;;;
;;;;;;;;;;;;;;;;;
;;;;;;;;;;;;;;;;;
;;;;;;;;;;;;;;;;;
;;;;;;;;;;;;;;;;;
;;;;;;;;;;;;;;;;;
;;;;;;;;;;;;;;;;;
;;;;;;;;;;;;;;;;;
;;;;;;;;;;;;;;;;;
;;;;;;;;;;;;;;;;;
;;;;;;;;;;;;;;;;;
;;;;;;;;;;;;;;;;;
;;;;;;;;;;;;;;;;;
;;;;;;;;;;;;;;;;;
;;;;;;;;;;;;;;;;;
;;;;;;;;;;;;;;;;;
;;;;;;;;;;;;;;;;;
;;;;;;;;;;;;;;;;;
;;;;;;;;;;;;;;;;;
;;;;;;;;;;;;;;;;;
;;;;;;;;;;;;;;;;;
;;;;;;;;;;;;;;;;;
;;;;;;;;;;;;;;;;;
;;;;;;;;;;;;;;;;;
;;;;;;;;;;;;;;;;;
;;;;;;;;;;;;;;;;;
;;;;;;;;;;;;;;;;;
;;;;;;;;;;;;;;;;;
;;;;;;;;;;;;;;;;;
;;;;;;;;;;;;;;;;;
;;;;;;;;;;;;;;;;;
;;;;;;;;;;;;;;;;;
;;;;;;;;;;;;;;;;;
;;;;;;;;;;;;;;;;;
;;;;;;;;;;;;;;;;;
;;;;;;;;;;;;;;;;;
;;;;;;;;;;;;;;;;;
;;;;;;;;;;;;;;;;;
;;;;;;;;;;;;;;;;;
;;;;;;;;;;;;;;;;;
;;;;;;;;;;;;;;;;;
;;;;;;;;;;;;;;;;;
;;;;;;;;;;;;;;;;;
;;;;;;;;;;;;;;;;;
;;;;;;;;;;;;;;;;;
;;;;;;;;;;;;;;;;;
;;;;;;;;;;;;;;;;;
;;;;;;;;;;;;;;;;;
;;;;;;;;;;;;;;;;;
;;;;;;;;;;;;;;;;;
;;;;;;;;;;;;;;;;;
;;;;;;;;;;;;;;;;;
;;;;;;;;;;;;;;;;;
;;;;;;;;;;;;;;;;;
;;;;;;;;;;;;;;;;;
;;;;;;;;;;;;;;;;;
;;;;;;;;;;;;;;;;;
;;;;;;;;;;;;;;;;;
;;;;;;;;;;;;;;;;;
;;;;;;;;;;;;;;;;;
;;;;;;;;;;;;;;;;;
;;;;;;;;;;;;;;;;;
;;;;;;;;;;;;;;;;;
;;;;;;;;;;;;;;;;;
;;;;;;;;;;;;;;;;;
;;;;;;;;;;;;;;;;;
;;;;;;;;;;;;;;;;;
;;;;;;;;;;;;;;;;;
;;;;;;;;;;;;;;;;;
;;;;;;;;;;;;;;;;;
;;;;;;;;;;;;;;;;;
;;;;;;;;;;;;;;;;;
;;;;;;;;;;;;;;;;;
;;;;;;;;;;;;;;;;;
;;;;;;;;;;;;;;;;;
;;;;;;;;;;;;;;;;;
;;;;;;;;;;;;;;;;;
;;;;;;;;;;;;;;;;;
;;;;;;;;;;;;;;;;;
;;;;;;;;;;;;;;;;;
;;;;;;;;;;;;;;;;;
;;;;;;;;;;;;;;;;;
;;;;;;;;;;;;;;;;;
;;;;;;;;;;;;;;;;;
;;;;;;;;;;;;;;;;;
;;;;;;;;;;;;;;;;;
;;;;;;;;;;;;;;;;;
;;;;;;;;;;;;;;;;;
;;;;;;;;;;;;;;;;;
;;;;;;;;;;;;;;;;;
;;;;;;;;;;;;;;;;;
;;;;;;;;;;;;;;;;;
;;;;;;;;;;;;;;;;;
;;;;;;;;;;;;;;;;;
;;;;;;;;;;;;;;;;;
;;;;;;;;;;;;;;;;;
;;;;;;;;;;;;;;;;;
;;;;;;;;;;;;;;;;;
;;;;;;;;;;;;;;;;;
;;;;;;;;;;;;;;;;;
;;;;;;;;;;;;;;;;;
;;;;;;;;;;;;;;;;;
;;;;;;;;;;;;;;;;;
;;;;;;;;;;;;;;;;;
;;;;;;;;;;;;;;;;;
;;;;;;;;;;;;;;;;;
;;;;;;;;;;;;;;;;;
;;;;;;;;;;;;;;;;;
;;;;;;;;;;;;;;;;;
;;;;;;;;;;;;;;;;;
;;;;;;;;;;;;;;;;;
;;;;;;;;;;;;;;;;;
;;;;;;;;;;;;;;;;;
;;;;;;;;;;;;;;;;;
;;;;;;;;;;;;;;;;;
;;;;;;;;;;;;;;;;;
;;;;;;;;;;;;;;;;;
;;;;;;;;;;;;;;;;;
;;;;;;;;;;;;;;;;;
;;;;;;;;;;;;;;;;;
;;;;;;;;;;;;;;;;;
;;;;;;;;;;;;;;;;;
;;;;;;;;;;;;;;;;;
;;;;;;;;;;;;;;;;;
;;;;;;;;;;;;;;;;;
;;;;;;;;;;;;;;;;;
;;;;;;;;;;;;;;;;;
;;;;;;;;;;;;;;;;;
;;;;;;;;;;;;;;;;;
;;;;;;;;;;;;;;;;;
;;;;;;;;;;;;;;;;;
;;;;;;;;;;;;;;;;;
;;;;;;;;;;;;;;;;;
;;;;;;;;;;;;;;;;;
;;;;;;;;;;;;;;;;;
;;;;;;;;;;;;;;;;;
;;;;;;;;;;;;;;;;;
;;;;;;;;;;;;;;;;;
;;;;;;;;;;;;;;;;;
;;;;;;;;;;;;;;;;;
;;;;;;;;;;;;;;;;;
;;;;;;;;;;;;;;;;;
;;;;;;;;;;;;;;;;;
;;;;;;;;;;;;;;;;;
;;;;;;;;;;;;;;;;;
;;;;;;;;;;;;;;;;;
;;;;;;;;;;;;;;;;;
;;;;;;;;;;;;;;;;;
;;;;;;;;;;;;;;;;;
;;;;;;;;;;;;;;;;;
;;;;;;;;;;;;;;;;;
;;;;;;;;;;;;;;;;;
;;;;;;;;;;;;;;;;;
;;;;;;;;;;;;;;;;;
;;;;;;;;;;;;;;;;;
;;;;;;;;;;;;;;;;;
;;;;;;;;;;;;;;;;;
;;;;;;;;;;;;;;;;;
;;;;;;;;;;;;;;;;;
;;;;;;;;;;;;;;;;;
;;;;;;;;;;;;;;;;;
;;;;;;;;;;;;;;;;;
;;;;;;;;;;;;;;;;;
;;;;;;;;;;;;;;;;;
;;;;;;;;;;;;;;;;;
;;;;;;;;;;;;;;;;;
;;;;;;;;;;;;;;;;;
;;;;;;;;;;;;;;;;;
;;;;;;;;;;;;;;;;;
;;;;;;;;;;;;;;;;;
;;;;;;;;;;;;;;;;;
;;;;;;;;;;;;;;;;;
;;;;;;;;;;;;;;;;;
;;;;;;;;;;;;;;;;;
;;;;;;;;;;;;;;;;;
;;;;;;;;;;;;;;;;;
;;;;;;;;;;;;;;;;;
;;;;;;;;;;;;;;;;;
;;;;;;;;;;;;;;;;;
;;;;;;;;;;;;;;;;;
;;;;;;;;;;;;;;;;;
;;;;;;;;;;;;;;;;;
;;;;;;;;;;;;;;;;;
;;;;;;;;;;;;;;;;;
;;;;;;;;;;;;;;;;;
;;;;;;;;;;;;;;;;;
;;;;;;;;;;;;;;;;;
;;;;;;;;;;;;;;;;;
;;;;;;;;;;;;;;;;;
;;;;;;;;;;;;;;;;;
;;;;;;;;;;;;;;;;;
;;;;;;;;;;;;;;;;;
;;;;;;;;;;;;;;;;;
;;;;;;;;;;;;;;;;;
;;;;;;;;;;;;;;;;;
;;;;;;;;;;;;;;;;;
;;;;;;;;;;;;;;;;;
;;;;;;;;;;;;;;;;;
;;;;;;;;;;;;;;;;;
;;;;;;;;;;;;;;;;;
;;;;;;;;;;;;;;;;;
;;;;;;;;;;;;;;;;;
;;;;;;;;;;;;;;;;;
;;;;;;;;;;;;;;;;;
;;;;;;;;;;;;;;;;;
;;;;;;;;;;;;;;;;;
;;;;;;;;;;;;;;;;;
;;;;;;;;;;;;;;;;;
;;;;;;;;;;;;;;;;;
;;;;;;;;;;;;;;;;;
;;;;;;;;;;;;;;;;;
;;;;;;;;;;;;;;;;;
;;;;;;;;;;;;;;;;;
;;;;;;;;;;;;;;;;;
;;;;;;;;;;;;;;;;;
;;;;;;;;;;;;;;;;;
;;;;;;;;;;;;;;;;;
;;;;;;;;;;;;;;;;;
;;;;;;;;;;;;;;;;;
;;;;;;;;;;;;;;;;;
;;;;;;;;;;;;;;;;;
;;;;;;;;;;;;;;;;;
;;;;;;;;;;;;;;;;;
;;;;;;;;;;;;;;;;;
;;;;;;;;;;;;;;;;;
;;;;;;;;;;;;;;;;;
;;;;;;;;;;;;;;;;;
;;;;;;;;;;;;;;;;;
;;;;;;;;;;;;;;;;;
;;;;;;;;;;;;;;;;;
;;;;;;;;;;;;;;;;;
;;;;;;;;;;;;;;;;;
;;;;;;;;;;;;;;;;;
;;;;;;;;;;;;;;;;;
;;;;;;;;;;;;;;;;;
;;;;;;;;;;;;;;;;;
;;;;;;;;;;;;;;;;;
;;;;;;;;;;;;;;;;;
;;;;;;;;;;;;;;;;;
;;;;;;;;;;;;;;;;;
;;;;;;;;;;;;;;;;;
;;;;;;;;;;;;;;;;;
;;;;;;;;;;;;;;;;;
;;;;;;;;;;;;;;;;;
;;;;;;;;;;;;;;;;;
;;;;;;;;;;;;;;;;;
;;;;;;;;;;;;;;;;;
;;;;;;;;;;;;;;;;;
;;;;;;;;;;;;;;;;;
;;;;;;;;;;;;;;;;;
;;;;;;;;;;;;;;;;;
;;;;;;;;;;;;;;;;;
;;;;;;;;;;;;;;;;;
;;;;;;;;;;;;;;;;;
;;;;;;;;;;;;;;;;;
;;;;;;;;;;;;;;;;;
;;;;;;;;;;;;;;;;;
;;;;;;;;;;;;;;;;;
;;;;;;;;;;;;;;;;;
;;;;;;;;;;;;;;;;;
;;;;;;;;;;;;;;;;;
;;;;;;;;;;;;;;;;;
;;;;;;;;;;;;;;;;;
;;;;;;;;;;;;;;;;;
;;;;;;;;;;;;;;;;;
;;;;;;;;;;;;;;;;;
;;;;;;;;;;;;;;;;;
;;;;;;;;;;;;;;;;;
;;;;;;;;;;;;;;;;;
;;;;;;;;;;;;;;;;;
;;;;;;;;;;;;;;;;;
;;;;;;;;;;;;;;;;;
;;;;;;;;;;;;;;;;;
;;;;;;;;;;;;;;;;;
;;;;;;;;;;;;;;;;;
;;;;;;;;;;;;;;;;;
;;;;;;;;;;;;;;;;;
;;;;;;;;;;;;;;;;;
;;;;;;;;;;;;;;;;;
;;;;;;;;;;;;;;;;;
;;;;;;;;;;;;;;;;;
;;;;;;;;;;;;;;;;;
;;;;;;;;;;;;;;;;;
;;;;;;;;;;;;;;;;;
;;;;;;;;;;;;;;;;;
;;;;;;;;;;;;;;;;;
;;;;;;;;;;;;;;;;;
;;;;;;;;;;;;;;;;;
;;;;;;;;;;;;;;;;;
;;;;;;;;;;;;;;;;;
;;;;;;;;;;;;;;;;;
;;;;;;;;;;;;;;;;;
;;;;;;;;;;;;;;;;;
;;;;;;;;;;;;;;;;;
;;;;;;;;;;;;;;;;;
;;;;;;;;;;;;;;;;;
;;;;;;;;;;;;;;;;;
;;;;;;;;;;;;;;;;;
;;;;;;;;;;;;;;;;;
;;;;;;;;;;;;;;;;;
;;;;;;;;;;;;;;;;;
;;;;;;;;;;;;;;;;;
;;;;;;;;;;;;;;;;;
;;;;;;;;;;;;;;;;;
;;;;;;;;;;;;;;;;;
;;;;;;;;;;;;;;;;;
;;;;;;;;;;;;;;;;;
;;;;;;;;;;;;;;;;;
;;;;;;;;;;;;;;;;;
;;;;;;;;;;;;;;;;;
;;;;;;;;;;;;;;;;;
;;;;;;;;;;;;;;;;;
;;;;;;;;;;;;;;;;;
;;;;;;;;;;;;;;;;;
;;;;;;;;;;;;;;;;;
;;;;;;;;;;;;;;;;;
;;;;;;;;;;;;;;;;;
;;;;;;;;;;;;;;;;;
;;;;;;;;;;;;;;;;;
;;;;;;;;;;;;;;;;;
;;;;;;;;;;;;;;;;;
;;;;;;;;;;;;;;;;;
;;;;;;;;;;;;;;;;;
;;;;;;;;;;;;;;;;;
;;;;;;;;;;;;;;;;;
;;;;;;;;;;;;;;;;;
;;;;;;;;;;;;;;;;;
;;;;;;;;;;;;;;;;;
;;;;;;;;;;;;;;;;;
;;;;;;;;;;;;;;;;;
;;;;;;;;;;;;;;;;;
;;;;;;;;;;;;;;;;;
;;;;;;;;;;;;;;;;;
;;;;;;;;;;;;;;;;;
;;;;;;;;;;;;;;;;;
;;;;;;;;;;;;;;;;;
;;;;;;;;;;;;;;;;;
;;;;;;;;;;;;;;;;;
;;;;;;;;;;;;;;;;;
;;;;;;;;;;;;;;;;;
;;;;;;;;;;;;;;;;;
;;;;;;;;;;;;;;;;;
;;;;;;;;;;;;;;;;;
;;;;;;;;;;;;;;;;;
;;;;;;;;;;;;;;;;;
;;;;;;;;;;;;;;;;;
;;;;;;;;;;;;;;;;;
;;;;;;;;;;;;;;;;;
;;;;;;;;;;;;;;;;;
;;;;;;;;;;;;;;;;;
;;;;;;;;;;;;;;;;;
;;;;;;;;;;;;;;;;;
;;;;;;;;;;;;;;;;;
;;;;;;;;;;;;;;;;;
;;;;;;;;;;;;;;;;;
;;;;;;;;;;;;;;;;;
;;;;;;;;;;;;;;;;;
;;;;;;;;;;;;;;;;;
;;;;;;;;;;;;;;;;;
;;;;;;;;;;;;;;;;;
;;;;;;;;;;;;;;;;;
;;;;;;;;;;;;;;;;;
;;;;;;;;;;;;;;;;;
;;;;;;;;;;;;;;;;;
;;;;;;;;;;;;;;;;;
;;;;;;;;;;;;;;;;;
;;;;;;;;;;;;;;;;;
;;;;;;;;;;;;;;;;;
;;;;;;;;;;;;;;;;;
;;;;;;;;;;;;;;;;;
;;;;;;;;;;;;;;;;;
;;;;;;;;;;;;;;;;;
;;;;;;;;;;;;;;;;;
;;;;;;;;;;;;;;;;;
;;;;;;;;;;;;;;;;;
;;;;;;;;;;;;;;;;;
;;;;;;;;;;;;;;;;;
;;;;;;;;;;;;;;;;;
;;;;;;;;;;;;;;;;;
;;;;;;;;;;;;;;;;;
;;;;;;;;;;;;;;;;;
;;;;;;;;;;;;;;;;;
;;;;;;;;;;;;;;;;;
;;;;;;;;;;;;;;;;;
;;;;;;;;;;;;;;;;;
;;;;;;;;;;;;;;;;;
;;;;;;;;;;;;;;;;;
;;;;;;;;;;;;;;;;;
;;;;;;;;;;;;;;;;;
;;;;;;;;;;;;;;;;;
;;;;;;;;;;;;;;;;;
;;;;;;;;;;;;;;;;;
;;;;;;;;;;;;;;;;;
;;;;;;;;;;;;;;;;;
;;;;;;;;;;;;;;;;;
;;;;;;;;;;;;;;;;;
;;;;;;;;;;;;;;;;;
;;;;;;;;;;;;;;;;;
;;;;;;;;;;;;;;;;;
;;;;;;;;;;;;;;;;;
;;;;;;;;;;;;;;;;;
;;;;;;;;;;;;;;;;;
;;;;;;;;;;;;;;;;;
;;;;;;;;;;;;;;;;;
;;;;;;;;;;;;;;;;;
;;;;;;;;;;;;;;;;;
;;;;;;;;;;;;;;;;;
;;;;;;;;;;;;;;;;;
;;;;;;;;;;;;;;;;;
;;;;;;;;;;;;;;;;;
;;;;;;;;;;;;;;;;;
;;;;;;;;;;;;;;;;;
;;;;;;;;;;;;;;;;;
;;;;;;;;;;;;;;;;;
;;;;;;;;;;;;;;;;;
;;;;;;;;;;;;;;;;;
;;;;;;;;;;;;;;;;;
;;;;;;;;;;;;;;;;;
;;;;;;;;;;;;;;;;;
;;;;;;;;;;;;;;;;;
;;;;;;;;;;;;;;;;;
;;;;;;;;;;;;;;;;;
;;;;;;;;;;;;;;;;;
;;;;;;;;;;;;;;;;;
;;;;;;;;;;;;;;;;;
;;;;;;;;;;;;;;;;;
;;;;;;;;;;;;;;;;;
;;;;;;;;;;;;;;;;;
;;;;;;;;;;;;;;;;;
;;;;;;;;;;;;;;;;;
;;;;;;;;;;;;;;;;;
;;;;;;;;;;;;;;;;;
;;;;;;;;;;;;;;;;;
;;;;;;;;;;;;;;;;;
;;;;;;;;;;;;;;;;;
;;;;;;;;;;;;;;;;;
;;;;;;;;;;;;;;;;;
;;;;;;;;;;;;;;;;;
;;;;;;;;;;;;;;;;;
;;;;;;;;;;;;;;;;;
;;;;;;;;;;;;;;;;;
;;;;;;;;;;;;;;;;;
;;;;;;;;;;;;;;;;;
;;;;;;;;;;;;;;;;;
;;;;;;;;;;;;;;;;;
;;;;;;;;;;;;;;;;;
;;;;;;;;;;;;;;;;;
;;;;;;;;;;;;;;;;;
;;;;;;;;;;;;;;;;;
;;;;;;;;;;;;;;;;;
;;;;;;;;;;;;;;;;;
;;;;;;;;;;;;;;;;;
;;;;;;;;;;;;;;;;;
;;;;;;;;;;;;;;;;;
;;;;;;;;;;;;;;;;;
;;;;;;;;;;;;;;;;;
;;;;;;;;;;;;;;;;;
;;;;;;;;;;;;;;;;;
;;;;;;;;;;;;;;;;;
;;;;;;;;;;;;;;;;;
;;;;;;;;;;;;;;;;;
;;;;;;;;;;;;;;;;;
;;;;;;;;;;;;;;;;;
;;;;;;;;;;;;;;;;;
;;;;;;;;;;;;;;;;;
;;;;;;;;;;;;;;;;;
;;;;;;;;;;;;;;;;;
;;;;;;;;;;;;;;;;;
;;;;;;;;;;;;;;;;;
;;;;;;;;;;;;;;;;;
;;;;;;;;;;;;;;;;;
;;;;;;;;;;;;;;;;;
;;;;;;;;;;;;;;;;;
;;;;;;;;;;;;;;;;;
;;;;;;;;;;;;;;;;;
;;;;;;;;;;;;;;;;;
;;;;;;;;;;;;;;;;;
;;;;;;;;;;;;;;;;;
;;;;;;;;;;;;;;;;;
;;;;;;;;;;;;;;;;;
;;;;;;;;;;;;;;;;;
;;;;;;;;;;;;;;;;;
;;;;;;;;;;;;;;;;;
;;;;;;;;;;;;;;;;;
;;;;;;;;;;;;;;;;;
;;;;;;;;;;;;;;;;;
;;;;;;;;;;;;;;;;;
;;;;;;;;;;;;;;;;;
;;;;;;;;;;;;;;;;;
;;;;;;;;;;;;;;;;;
;;;;;;;;;;;;;;;;;
;;;;;;;;;;;;;;;;;
;;;;;;;;;;;;;;;;;
;;;;;;;;;;;;;;;;;
;;;;;;;;;;;;;;;;;
;;;;;;;;;;;;;;;;;
;;;;;;;;;;;;;;;;;
;;;;;;;;;;;;;;;;;
;;;;;;;;;;;;;;;;;
;;;;;;;;;;;;;;;;;
;;;;;;;;;;;;;;;;;
;;;;;;;;;;;;;;;;;
;;;;;;;;;;;;;;;;;
;;;;;;;;;;;;;;;;;
;;;;;;;;;;;;;;;;;
;;;;;;;;;;;;;;;;;
;;;;;;;;;;;;;;;;;
;;;;;;;;;;;;;;;;;
;;;;;;;;;;;;;;;;;
;;;;;;;;;;;;;;;;;
;;;;;;;;;;;;;;;;;
;;;;;;;;;;;;;;;;;
;;;;;;;;;;;;;;;;;
;;;;;;;;;;;;;;;;;
;;;;;;;;;;;;;;;;;
;;;;;;;;;;;;;;;;;
;;;;;;;;;;;;;;;;;
;;;;;;;;;;;;;;;;;
;;;;;;;;;;;;;;;;;
;;;;;;;;;;;;;;;;;
;;;;;;;;;;;;;;;;;
;;;;;;;;;;;;;;;;;
;;;;;;;;;;;;;;;;;
;;;;;;;;;;;;;;;;;
;;;;;;;;;;;;;;;;;
;;;;;;;;;;;;;;;;;
;;;;;;;;;;;;;;;;;
;;;;;;;;;;;;;;;;;
;;;;;;;;;;;;;;;;;
;;;;;;;;;;;;;;;;;
;;;;;;;;;;;;;;;;;
;;;;;;;;;;;;;;;;;
;;;;;;;;;;;;;;;;;
;;;;;;;;;;;;;;;;;
;;;;;;;;;;;;;;;;;
;;;;;;;;;;;;;;;;;
;;;;;;;;;;;;;;;;;
;;;;;;;;;;;;;;;;;
;;;;;;;;;;;;;;;;;
;;;;;;;;;;;;;;;;;
;;;;;;;;;;;;;;;;;
;;;;;;;;;;;;;;;;;
;;;;;;;;;;;;;;;;;
;;;;;;;;;;;;;;;;;
;;;;;;;;;;;;;;;;;
;;;;;;;;;;;;;;;;;
;;;;;;;;;;;;;;;;;
;;;;;;;;;;;;;;;;;
;;;;;;;;;;;;;;;;;
;;;;;;;;;;;;;;;;;
;;;;;;;;;;;;;;;;;
;;;;;;;;;;;;;;;;;
;;;;;;;;;;;;;;;;;
;;;;;;;;;;;;;;;;;
;;;;;;;;;;;;;;;;;
;;;;;;;;;;;;;;;;;
;;;;;;;;;;;;;;;;;
;;;;;;;;;;;;;;;;;
;;;;;;;;;;;;;;;;;
;;;;;;;;;;;;;;;;;
;;;;;;;;;;;;;;;;;
;;;;;;;;;;;;;;;;;
;;;;;;;;;;;;;;;;;
;;;;;;;;;;;;;;;;;
;;;;;;;;;;;;;;;;;
;;;;;;;;;;;;;;;;;
;;;;;;;;;;;;;;;;;
;;;;;;;;;;;;;;;;;
;;;;;;;;;;;;;;;;;
;;;;;;;;;;;;;;;;;
;;;;;;;;;;;;;;;;;
;;;;;;;;;;;;;;;;;
;;;;;;;;;;;;;;;;;
;;;;;;;;;;;;;;;;;
;;;;;;;;;;;;;;;;;
;;;;;;;;;;;;;;;;;
;;;;;;;;;;;;;;;;;
;;;;;;;;;;;;;;;;;
;;;;;;;;;;;;;;;;;
;;;;;;;;;;;;;;;;;
;;;;;;;;;;;;;;;;;
;;;;;;;;;;;;;;;;;
;;;;;;;;;;;;;;;;;
;;;;;;;;;;;;;;;;;
;;;;;;;;;;;;;;;;;
;;;;;;;;;;;;;;;;;
;;;;;;;;;;;;;;;;;
;;;;;;;;;;;;;;;;;
;;;;;;;;;;;;;;;;;
;;;;;;;;;;;;;;;;;
;;;;;;;;;;;;;;;;;
;;;;;;;;;;;;;;;;;
;;;;;;;;;;;;;;;;;
;;;;;;;;;;;;;;;;;
;;;;;;;;;;;;;;;;;
;;;;;;;;;;;;;;;;;
;;;;;;;;;;;;;;;;;
;;;;;;;;;;;;;;;;;
;;;;;;;;;;;;;;;;;
;;;;;;;;;;;;;;;;;
;;;;;;;;;;;;;;;;;
;;;;;;;;;;;;;;;;;
;;;;;;;;;;;;;;;;;
;;;;;;;;;;;;;;;;;
;;;;;;;;;;;;;;;;;
;;;;;;;;;;;;;;;;;
;;;;;;;;;;;;;;;;;
;;;;;;;;;;;;;;;;;
;;;;;;;;;;;;;;;;;
;;;;;;;;;;;;;;;;;
;;;;;;;;;;;;;;;;;
;;;;;;;;;;;;;;;;;
;;;;;;;;;;;;;;;;;
;;;;;;;;;;;;;;;;;
;;;;;;;;;;;;;;;;;
;;;;;;;;;;;;;;;;;
;;;;;;;;;;;;;;;;;
;;;;;;;;;;;;;;;;;
;;;;;;;;;;;;;;;;;
;;;;;;;;;;;;;;;;;
;;;;;;;;;;;;;;;;;
;;;;;;;;;;;;;;;;;
;;;;;;;;;;;;;;;;;
;;;;;;;;;;;;;;;;;
;;;;;;;;;;;;;;;;;
;;;;;;;;;;;;;;;;;
;;;;;;;;;;;;;;;;;
;;;;;;;;;;;;;;;;;
;;;;;;;;;;;;;;;;;
;;;;;;;;;;;;;;;;;
;;;;;;;;;;;;;;;;;
;;;;;;;;;;;;;;;;;
;;;;;;;;;;;;;;;;;
;;;;;;;;;;;;;;;;;
;;;;;;;;;;;;;;;;;
;;;;;;;;;;;;;;;;;
;;;;;;;;;;;;;;;;;
;;;;;;;;;;;;;;;;;
;;;;;;;;;;;;;;;;;
;;;;;;;;;;;;;;;;;
;;;;;;;;;;;;;;;;;
;;;;;;;;;;;;;;;;;
;;;;;;;;;;;;;;;;;
;;;;;;;;;;;;;;;;;
;;;;;;;;;;;;;;;;;
;;;;;;;;;;;;;;;;;
;;;;;;;;;;;;;;;;;
;;;;;;;;;;;;;;;;;
;;;;;;;;;;;;;;;;;
;;;;;;;;;;;;;;;;;
;;;;;;;;;;;;;;;;;
;;;;;;;;;;;;;;;;;
;;;;;;;;;;;;;;;;;
;;;;;;;;;;;;;;;;;
;;;;;;;;;;;;;;;;;
;;;;;;;;;;;;;;;;;
;;;;;;;;;;;;;;;;;
;;;;;;;;;;;;;;;;;
;;;;;;;;;;;;;;;;;
;;;;;;;;;;;;;;;;;
;;;;;;;;;;;;;;;;;
;;;;;;;;;;;;;;;;;
;;;;;;;;;;;;;;;;;
;;;;;;;;;;;;;;;;;
;;;;;;;;;;;;;;;;;
;;;;;;;;;;;;;;;;;
;;;;;;;;;;;;;;;;;
;;;;;;;;;;;;;;;;;
;;;;;;;;;;;;;;;;;
;;;;;;;;;;;;;;;;;
;;;;;;;;;;;;;;;;;
;;;;;;;;;;;;;;;;;
;;;;;;;;;;;;;;;;;
;;;;;;;;;;;;;;;;;
;;;;;;;;;;;;;;;;;
;;;;;;;;;;;;;;;;;
;;;;;;;;;;;;;;;;;
;;;;;;;;;;;;;;;;;
;;;;;;;;;;;;;;;;;
;;;;;;;;;;;;;;;;;
;;;;;;;;;;;;;;;;;
;;;;;;;;;;;;;;;;;
;;;;;;;;;;;;;;;;;
;;;;;;;;;;;;;;;;;
;;;;;;;;;;;;;;;;;
;;;;;;;;;;;;;;;;;
;;;;;;;;;;;;;;;;;
;;;;;;;;;;;;;;;;;
;;;;;;;;;;;;;;;;;
;;;;;;;;;;;;;;;;;
;;;;;;;;;;;;;;;;;
;;;;;;;;;;;;;;;;;
;;;;;;;;;;;;;;;;;
;;;;;;;;;;;;;;;;;
;;;;;;;;;;;;;;;;;
;;;;;;;;;;;;;;;;;
;;;;;;;;;;;;;;;;;
;;;;;;;;;;;;;;;;;
;;;;;;;;;;;;;;;;;
;;;;;;;;;;;;;;;;;
;;;;;;;;;;;;;;;;;
;;;;;;;;;;;;;;;;;
;;;;;;;;;;;;;;;;;
;;;;;;;;;;;;;;;;;
;;;;;;;;;;;;;;;;;
;;;;;;;;;;;;;;;;;
;;;;;;;;;;;;;;;;;
;;;;;;;;;;;;;;;;;
;;;;;;;;;;;;;;;;;
;;;;;;;;;;;;;;;;;
;;;;;;;;;;;;;;;;;
;;;;;;;;;;;;;;;;;
;;;;;;;;;;;;;;;;;
;;;;;;;;;;;;;;;;;
;;;;;;;;;;;;;;;;;
;;;;;;;;;;;;;;;;;
;;;;;;;;;;;;;;;;;
;;;;;;;;;;;;;;;;;
;;;;;;;;;;;;;;;;;
;;;;;;;;;;;;;;;;;
;;;;;;;;;;;;;;;;;
;;;;;;;;;;;;;;;;;
;;;;;;;;;;;;;;;;;
;;;;;;;;;;;;;;;;;
;;;;;;;;;;;;;;;;;
;;;;;;;;;;;;;;;;;
;;;;;;;;;;;;;;;;;
;;;;;;;;;;;;;;;;;
;;;;;;;;;;;;;;;;;
;;;;;;;;;;;;;;;;;
;;;;;;;;;;;;;;;;;
;;;;;;;;;;;;;;;;;
;;;;;;;;;;;;;;;;;
;;;;;;;;;;;;;;;;;
;;;;;;;;;;;;;;;;;
;;;;;;;;;;;;;;;;;
;;;;;;;;;;;;;;;;;
;;;;;;;;;;;;;;;;;
;;;;;;;;;;;;;;;;;
;;;;;;;;;;;;;;;;;
;;;;;;;;;;;;;;;;;
;;;;;;;;;;;;;;;;;
;;;;;;;;;;;;;;;;;
;;;;;;;;;;;;;;;;;
;;;;;;;;;;;;;;;;;
;;;;;;;;;;;;;;;;;
;;;;;;;;;;;;;;;;;
;;;;;;;;;;;;;;;;;
;;;;;;;;;;;;;;;;;
;;;;;;;;;;;;;;;;;
;;;;;;;;;;;;;;;;;
;;;;;;;;;;;;;;;;;
;;;;;;;;;;;;;;;;;
;;;;;;;;;;;;;;;;;
;;;;;;;;;;;;;;;;;
;;;;;;;;;;;;;;;;;
;;;;;;;;;;;;;;;;;
;;;;;;;;;;;;;;;;;
;;;;;;;;;;;;;;;;;
;;;;;;;;;;;;;;;;;
;;;;;;;;;;;;;;;;;
;;;;;;;;;;;;;;;;;
;;;;;;;;;;;;;;;;;
;;;;;;;;;;;;;;;;;
;;;;;;;;;;;;;;;;;
;;;;;;;;;;;;;;;;;
;;;;;;;;;;;;;;;;;
;;;;;;;;;;;;;;;;;
;;;;;;;;;;;;;;;;;
;;;;;;;;;;;;;;;;;
;;;;;;;;;;;;;;;;;
;;;;;;;;;;;;;;;;;
;;;;;;;;;;;;;;;;;
;;;;;;;;;;;;;;;;;
;;;;;;;;;;;;;;;;;
;;;;;;;;;;;;;;;;;
;;;;;;;;;;;;;;;;;
;;;;;;;;;;;;;;;;;
;;;;;;;;;;;;;;;;;
;;;;;;;;;;;;;;;;;
;;;;;;;;;;;;;;;;;
;;;;;;;;;;;;;;;;;
;;;;;;;;;;;;;;;;;
;;;;;;;;;;;;;;;;;
;;;;;;;;;;;;;;;;;
;;;;;;;;;;;;;;;;;
;;;;;;;;;;;;;;;;;
;;;;;;;;;;;;;;;;;
;;;;;;;;;;;;;;;;;
;;;;;;;;;;;;;;;;;
;;;;;;;;;;;;;;;;;
;;;;;;;;;;;;;;;;;
;;;;;;;;;;;;;;;;;
;;;;;;;;;;;;;;;;;
;;;;;;;;;;;;;;;;;
;;;;;;;;;;;;;;;;;
;;;;;;;;;;;;;;;;;
;;;;;;;;;;;;;;;;;
;;;;;;;;;;;;;;;;;
;;;;;;;;;;;;;;;;;
;;;;;;;;;;;;;;;;;
;;;;;;;;;;;;;;;;;
;;;;;;;;;;;;;;;;;
;;;;;;;;;;;;;;;;;
;;;;;;;;;;;;;;;;;
;;;;;;;;;;;;;;;;;
;;;;;;;;;;;;;;;;;
;;;;;;;;;;;;;;;;;
;;;;;;;;;;;;;;;;;
;;;;;;;;;;;;;;;;;
;;;;;;;;;;;;;;;;;
;;;;;;;;;;;;;;;;;
;;;;;;;;;;;;;;;;;
;;;;;;;;;;;;;;;;;
;;;;;;;;;;;;;;;;;
;;;;;;;;;;;;;;;;;
;;;;;;;;;;;;;;;;;
;;;;;;;;;;;;;;;;;
;;;;;;;;;;;;;;;;;
;;;;;;;;;;;;;;;;;
;;;;;;;;;;;;;;;;;
;;;;;;;;;;;;;;;;;
;;;;;;;;;;;;;;;;;
;;;;;;;;;;;;;;;;;
;;;;;;;;;;;;;;;;;
;;;;;;;;;;;;;;;;;
;;;;;;;;;;;;;;;;;
;;;;;;;;;;;;;;;;;
;;;;;;;;;;;;;;;;;
;;;;;;;;;;;;;;;;;
;;;;;;;;;;;;;;;;;
;;;;;;;;;;;;;;;;;
;;;;;;;;;;;;;;;;;
;;;;;;;;;;;;;;;;;
